timestamp,snr_db,packet_loss,load_factor,link_quality
2026-02-07T09:54:37.567500,-1.2877156422181457,0.1705059796296291,0.6720974830201685,0.4596334488034418
2026-02-07T09:54:37.567520,2.907781193998331,0.037106147822580135,0.8137246595782027,0.5412529103042242
2026-02-07T09:54:37.567530,3.1114004483316915,0.0324420158450178,0.1849647241348179,0.6717977912250592
2026-02-07T09:54:37.567535,-3.1443935030378567,0.11049767848558524,0.19587186160573708,0.5419364324158794
2026-02-07T09:54:37.567539,-2.5253958590455605,0.12455831685221709,0.3397550376381109,0.5192582330992868
2026-02-07T09:54:37.567544,7.226059294532972,0.03917800106409485,0.4542080312943957,0.6845059816641087
2026-02-07T09:54:37.567548,8.497194805202273,0.02521391243828806,0.3462284867586128,0.7314767090034956
2026-02-07T09:54:37.567552,3.54191203382652,0.013540806265277806,0.24050358111661804,0.6735355757942018
2026-02-07T09:54:37.567557,7.407076075586037,0.03385620150803948,0.20444120459588186,0.7390728332215124
2026-02-07T09:54:37.567561,9.248741728729819,0.0423934475465789,0.6157781380169257,0.6849387002781382
2026-02-07T09:54:37.567565,11.03278829403613,0.0043655547050201774,0.6251240662658032,0.7242119919026022
2026-02-07T09:54:37.567570,2.8439674250705593,0.036998678357427095,0.5141842404213594,0.6001296721596759
2026-02-07T09:54:37.567574,-2.2333505166589007,0.07370650616062864,0.11512239455966916,0.5843077272955626
2026-02-07T09:54:37.567578,1.1337125013634815,0.03918814828842828,0.13041648125225747,0.6477221342857447
2026-02-07T09:54:37.567582,12.405953339150884,0.008602957866364261,0.38603484213707306,0.7936446998651908
2026-02-07T09:54:37.567587,8.257811610426142,0.014296928264691915,0.5402893447078765,0.6919499127527862
2026-02-07T09:54:37.567591,-4.581574470317795,0.18348874661342618,0.3725174423170067,0.4607569797139409
2026-02-07T09:54:37.567596,11.502634139057424,0.003857202337085207,0.7859979378795623,0.7000204873739191
2026-02-07T09:54:37.567601,4.038879450246323,0.04456903288792115,0.15228614675790153,0.6901533849528154
2026-02-07T09:54:37.567605,-1.741523411760031,0.19593913005218117,0.11341631746520574,0.5561762739619707
2026-02-07T09:54:37.567609,4.626844923857071,0.04306739947154962,0.5114391545359351,0.6285726979822993
2026-02-07T09:54:37.567614,9.497830616821219,0.0490940649029904,0.8717411677661676,0.6358873905895562
2026-02-07T09:54:37.567618,7.911055807329916,0.016003497805458976,0.18304906185699352,0.7571067350757956
2026-02-07T09:54:37.567622,-4.437847788469941,0.14653466655295513,0.19339866018469315,0.5100624048560092
2026-02-07T09:54:37.567626,0.5501447210749566,0.024245703275455006,0.6996270965254952,0.5286366150635138
2026-02-07T09:54:37.567631,7.454712693265343,0.04031370840154376,0.17873226276150664,0.7430713131483246
2026-02-07T09:54:37.567635,12.788728141517133,0.0065864592258964225,0.4063026637470041,0.7965756651747824
2026-02-07T09:54:37.567639,-4.920464598812028,0.19749423139521993,0.829163328874809,0.35957798815960507
2026-02-07T09:54:37.567643,11.591220815099813,0.004991238698455565,0.40100531353454894,0.7781552459352171
2026-02-07T09:54:37.567647,-0.8014697914351316,0.07865079637936713,0.47093541045669285,0.5355265158042657
2026-02-07T09:54:37.567651,-2.0924383847680628,0.05772209375947025,0.2579946818407482,0.5628771290912082
2026-02-07T09:54:37.567655,1.5851466203217708,0.035744500049756586,0.8925095618140947,0.5038605146276169
2026-02-07T09:54:37.567660,-1.8774833224836374,0.18994946133347362,0.4523716176342306,0.48791611603171786
2026-02-07T09:54:37.567664,13.073513410194156,0.009674028008191348,0.37561253890187085,0.8065338406537377
2026-02-07T09:54:37.567668,1.8433784469815562,0.04540439650733898,0.3985159373256474,0.6040651343656948
2026-02-07T09:54:37.567672,11.457920998719448,0.005757134414587602,0.7206394618095487,0.7117769839590381
2026-02-07T09:54:37.567676,-2.5787474392367993,0.1653592933897084,0.5979637559261751,0.4544870034772391
2026-02-07T09:54:37.567680,12.235119998038137,0.002920160109044754,0.26237058129860724,0.8172351690082007
2026-02-07T09:54:37.567684,8.252881962201226,0.039189343468736544,0.1273693357648953,0.7669840291764203
2026-02-07T09:54:37.567689,-0.7965141966916907,0.07275502028677538,0.7149825473861102,0.4885684144918839
2026-02-07T09:54:37.567693,-1.9096586847346475,0.16254254786584602,0.5567135218400756,0.4747335531933203
2026-02-07T09:54:37.567697,0.8664461410562518,0.04867346485625198,0.512506034678463,0.5640041892917026
2026-02-07T09:54:37.567701,0.3369540486808553,0.04151745488693509,0.26127257622410316,0.6075728157671131
2026-02-07T09:54:37.567707,12.452423669286489,0.0027800087050768984,0.11663594363068137,0.8500458698171155
2026-02-07T09:54:37.567711,0.3918449174476768,0.04269194593255868,0.5573265296172814,0.5489245255875708
2026-02-07T09:54:37.567715,5.0517544628888835,0.013115303674368972,0.6227360977130342,0.6223807637365639
2026-02-07T09:54:37.567720,2.271807898179368,0.017523496157038243,0.8009993560686663,0.539073211575478
2026-02-07T09:54:37.567724,-1.1489180564478518,0.11205427089094513,0.7204420010314995,0.4698133509189524
2026-02-07T09:54:37.567728,9.99614216392417,0.03567736855939042,0.15992653401381807,0.790580518694822
2026-02-07T09:54:37.567732,13.361016511540349,0.004086496434308625,0.280352488127045,0.8320538286366376
2026-02-07T09:54:37.567736,-4.331004685431168,0.09668210118148926,0.30422334673453244,0.5046339555414606
2026-02-07T09:54:37.567740,-4.927749442325551,0.06910642243620252,0.3982429685902794,0.4841569888456575
2026-02-07T09:54:37.567744,2.5512685111512106,0.03645043853112671,0.8220710319835696,0.5338384705631349
2026-02-07T09:54:37.567748,6.598464376778859,0.011624445902963014,0.6373770742699063,0.6456783243214441
2026-02-07T09:54:37.567752,9.937264070547133,0.04141632685945909,0.3409990244386557,0.7516630315635502
2026-02-07T09:54:37.567756,-1.4110600947724827,0.11235089610548306,0.3636326795852797,0.5367171936717577
2026-02-07T09:54:37.567760,8.745014767490197,0.01981331245506058,0.3737113348383394,0.7317306520873172
2026-02-07T09:54:37.567765,2.305943403145207,0.039413263763345634,0.20874260624368254,0.6515265563413466
2026-02-07T09:54:37.567769,-4.901007318348607,0.16278078716914662,0.7203468229472171,0.39207961062066915
2026-02-07T09:54:37.567773,7.120987996421954,0.03878547578175675,0.3858856707432351,0.6965370230571919
2026-02-07T09:54:37.567777,-0.7408596604615809,0.1143430935339458,0.46647784281993265,0.5267205090348034
2026-02-07T09:54:37.567781,1.985002256596502,0.019607056733862534,0.8058988189603067,0.5326881567977215
2026-02-07T09:54:37.567792,6.758387377971225,0.04658336571611777,0.7507297138152556,0.615185503821634
2026-02-07T09:54:37.567798,7.428873351185443,0.021008448649127286,0.6031890115869889,0.6635408856076215
2026-02-07T09:54:37.567804,9.34083277162416,0.043335889071545626,0.12995840204345815,0.7833547657302474
2026-02-07T09:54:37.567809,6.962619087287852,0.031384082355820644,0.7308959474536632,0.6271159039239853
2026-02-07T09:54:37.567813,1.574269524488317,0.042107126619679296,0.8710701824973803,0.5060583175894254
2026-02-07T09:54:37.567817,9.04198994232975,0.03289613815851301,0.3092239240289355,0.7456528727854881
2026-02-07T09:54:37.567821,3.518817076573118,0.013852640347230355,0.7916160374847246,0.5628346183417713
2026-02-07T09:54:37.567827,10.522031430752754,0.004082963654832096,0.38598873717642523,0.7636112206474779
2026-02-07T09:54:37.567831,-4.8206512031623365,0.11900133763330616,0.6173710607574672,0.4271478665058091
2026-02-07T09:54:37.567835,1.6267909176567574,0.04134733956124797,0.6222260240322462,0.5569304419527891
2026-02-07T09:54:37.567839,1.1647923215080436,0.025833828672555605,0.5422790095115962,0.5698739215210482
2026-02-07T09:54:37.567843,10.288062298248061,0.009402989480135402,0.6610132198600726,0.7031108308214126
2026-02-07T09:54:37.567847,12.554262770189826,0.009572929969128488,0.870886267641964,0.6988552469840323
2026-02-07T09:54:37.567851,1.1604824655024704,0.022728784208862245,0.27389427084009577,0.62441055166103
2026-02-07T09:54:37.567856,7.945972861560936,0.04649419203518106,0.47820618450364993,0.689510053181398
2026-02-07T09:54:37.567860,11.742668331066657,0.006208098484625676,0.6718941780023683,0.7261365403719162
2026-02-07T09:54:37.567888,5.641461112384526,0.03969872192136309,0.579806790070501,0.632820043949233
2026-02-07T09:54:37.567893,14.058831830608725,0.006596499775625104,0.12237471193367205,0.8745266381907235
2026-02-07T09:54:37.567897,7.985551520028922,0.02317112894674617,0.2997645632663957,0.732854940663179
2026-02-07T09:54:37.567901,0.8402469367338501,0.025075123426678562,0.8487315632263351,0.5034019326056268
2026-02-07T09:54:37.567905,13.060445160234945,0.006526398485802999,0.2389887512558289,0.8345850828736757
2026-02-07T09:54:37.567909,3.280413981970451,0.027475963229930206,0.8439260890160479,0.5443122262606522
2026-02-07T09:54:37.567913,5.461962357655166,0.019402874631015227,0.18702460216841432,0.7144735898045986
2026-02-07T09:54:37.567917,-3.991085803694714,0.06678972595398158,0.5034132459797835,0.4794290029562702
2026-02-07T09:54:37.567922,12.788080325193224,0.008201890436046327,0.7856146516557511,0.7202178412912562
2026-02-07T09:54:37.567926,-1.3873898792562778,0.05434580989899428,0.410497725131445,0.5451402140164081
2026-02-07T09:54:37.567930,1.1805403453925933,0.03438070003702015,0.14389785983017395,0.6472485571127357
2026-02-07T09:54:37.567934,-4.373607737194678,0.06299686043823977,0.2212823984176292,0.5306176665650909
2026-02-07T09:54:37.567938,8.92631857258725,0.02095605050757075,0.45556396500431084,0.7180390347233208
2026-02-07T09:54:37.567942,-2.943745787180616,0.09442128456746386,0.18493001088223357,0.5522918493336372
2026-02-07T09:54:37.567946,5.90969156257132,0.027318805262165978,0.38532515134787493,0.6799008541946305
2026-02-07T09:54:37.567950,14.80375968222673,0.005740459611227302,0.5069199374289617,0.8102898693346183
2026-02-07T09:54:37.567959,2.111186924994728,0.048579773828585415,0.5249346620735872,0.5822922508532857
2026-02-07T09:54:37.567963,-4.077496237781766,0.08720213789821676,0.8464611479882514,0.4032555250698553
2026-02-07T09:54:37.567967,-1.3478461761318905,0.18935458271618832,0.8321189686477758,0.42097239518672347
2026-02-07T09:54:37.567971,11.872280760666218,0.0025606419348983014,0.29917817879969394,0.803934184337362
2026-02-07T09:54:37.567976,-4.620850542273729,0.1575950360709128,0.6302731755201685,0.41631934503679696
2026-02-07T09:54:37.567980,11.419223381567033,0.008566812664445906,0.4488894629698902,0.7646391199661388
2026-02-07T09:54:37.567984,13.831327401892352,0.009645480904837104,0.5929910814420304,0.775696929471682
2026-02-07T09:54:37.567988,7.802174605946156,0.03631334433188751,0.6263089063296328,0.6605471255336098
2026-02-07T09:54:37.567992,13.390853303464226,0.003457314651676676,0.711853813534658,0.7464395979553025
2026-02-07T09:54:37.567996,8.125587215251935,0.045582947688981135,0.7828458210618618,0.6318490717351322
2026-02-07T09:54:37.568001,4.664798591354035,0.025082050758328645,0.8086865578155925,0.5751513830652835
2026-02-07T09:54:37.568005,2.7022755069403654,0.02809216767253092,0.3372166852682435,0.6358336044269315
2026-02-07T09:54:37.568009,14.12688124566682,0.008280692644300074,0.1268638906884391,0.8742577014968025
2026-02-07T09:54:37.568013,12.841178825175078,0.00274542816999941,0.10363881699447451,0.8591349219030232
2026-02-07T09:54:37.568017,-0.362586550615962,0.05147459065071915,0.43435352475131406,0.5583104753442555
2026-02-07T09:54:37.568021,9.526195763330351,0.028729590971703474,0.5996598562014887,0.696885747523697
2026-02-07T09:54:37.568025,3.840882143252415,0.04446480081055605,0.5159364022503671,0.6141546483609668
2026-02-07T09:54:37.568029,-3.259887301983888,0.16354314417496763,0.7335261536858608,0.41656703764393943
2026-02-07T09:54:37.568033,3.4252301171432116,0.01892319457259429,0.24746820814781068,0.6685832352843798
2026-02-07T09:54:37.568037,0.2568864256433496,0.023730271544399127,0.7189005426147975,0.5200489171077766
2026-02-07T09:54:37.568041,-2.898027357584483,0.08046095994936506,0.8259525331797266,0.4290374160861704
2026-02-07T09:54:37.568045,2.5849266643725937,0.03226639863265191,0.7530368433210893,0.5494614894855298
2026-02-07T09:54:37.568049,-0.6933026014692718,0.13785190559140623,0.8755081943880347,0.43865441275381667
2026-02-07T09:54:37.568054,5.831956119706849,0.03181517384386253,0.8295568663324014,0.5884100099088084
2026-02-07T09:54:37.568058,6.681171431310338,0.011117545970659504,0.4782917282671387,0.6790259144105467
2026-02-07T09:54:37.568062,0.8263410267449833,0.028424806058692284,0.22759790261373844,0.6263919947720611
2026-02-07T09:54:37.568066,14.115334689072245,0.0029780147529708625,0.6107303062242396,0.7788827791471317
2026-02-07T09:54:37.568070,6.047749219077804,0.024880797233910484,0.30497939086799697,0.6990023696408576
2026-02-07T09:54:37.568074,14.529822022175914,0.0034050217624347857,0.29947903907037016,0.8479130526934607
2026-02-07T09:54:37.568078,13.65815604429088,0.009808469500433565,0.19893817997014232,0.8515724238940228
2026-02-07T09:54:37.568083,2.2850361012641525,0.0467370218705309,0.8346110273160404,0.5238072896633685
2026-02-07T09:54:37.568087,10.34648116396707,0.006899651542653009,0.42684782376512176,0.751668559183631
2026-02-07T09:54:37.568091,0.26162016647390374,0.014379608463464031,0.3095414435585113,0.6048048315238236
2026-02-07T09:54:37.568095,14.73416227486912,6.579370319258593e-05,0.5319663868263192,0.8058230224382636
2026-02-07T09:54:37.568101,7.113349638943948,0.022529704691121206,0.3144175784634696,0.7155800668823689
2026-02-07T09:54:37.568105,7.760230756927676,0.03548320786916533,0.5383560999054615,0.6776876636069527
2026-02-07T09:54:37.568109,8.01817781273374,0.011003040329010694,0.4432454924403968,0.7083529529587798
2026-02-07T09:54:37.568113,5.458953024176214,0.038724866524299704,0.538322393044508,0.638367278503412
2026-02-07T09:54:37.568117,-2.348455894862649,0.09898314734880627,0.36425489343151984,0.5249798121946767
2026-02-07T09:54:37.568121,4.477609444416865,0.03875727416767681,0.49719133149438144,0.6302280421911017
2026-02-07T09:54:37.568125,11.806216185402963,0.0007779804922682776,0.8438224812159102,0.6944390460325202
2026-02-07T09:54:37.568130,-1.519330818020217,0.12047446684468752,0.3992416140752423,0.525353823497875
2026-02-07T09:54:37.568134,-3.0617291036126026,0.1238424448072444,0.49713412427298886,0.47905828997635225
2026-02-07T09:54:37.568138,5.003858122171707,0.022351616006664243,0.4155185402563334,0.6602551091829292
2026-02-07T09:54:37.568142,8.723803215081618,0.02647890156956844,0.6348643085366106,0.6771468547398343
2026-02-07T09:54:37.568146,2.502759300099986,0.024210585358414072,0.2969154617744806,0.6417330537059128
2026-02-07T09:54:37.568150,14.273194652236707,0.007377452793146804,0.1411803246180413,0.8741039434423928
2026-02-07T09:54:37.568154,13.204908961628433,0.008452769102348615,0.5974648716365911,0.7647196776357844
2026-02-07T09:54:37.568158,5.6456252765104225,0.03310276265699657,0.3016894284548376,0.6904917067871073
2026-02-07T09:54:37.568162,12.632077508951294,0.0013511424957665253,0.24145312324778195,0.8285053244175685
2026-02-07T09:54:37.568167,0.4906894794720884,0.0351031447515219,0.5305410018553526,0.558205680861341
2026-02-07T09:54:37.568171,-2.301470723663057,0.11521312127160852,0.12761269849832602,0.5682223451911346
2026-02-07T09:54:37.568175,7.99974784240346,0.015464803823078067,0.5361772250906219,0.6881209112083433
2026-02-07T09:54:37.568179,-0.7400098808271967,0.11626920102410118,0.5107176912600138,0.5173088700936469
2026-02-07T09:54:37.568183,3.5483683389075225,0.0285898973827972,0.1671997128243704,0.6837892272020788
2026-02-07T09:54:37.568187,2.6532446408731207,0.04000840780515033,0.3803444247326754,0.6228160033931385
2026-02-07T09:54:37.568191,13.020109404095106,0.009528162504199503,0.6834902197260704,0.7441119973717779
2026-02-07T09:54:37.568196,6.624983020984548,0.018733633725183566,0.46176172311215524,0.6791106156097564
2026-02-07T09:54:37.568200,0.33272696112855993,0.012202490823443962,0.8239005921666925,0.5037712503384376
2026-02-07T09:54:37.568204,-4.946920720538596,0.18636583882754054,0.8332299707658921,0.36166224218958276
2026-02-07T09:54:37.568208,14.03829487857233,0.007409596360587007,0.3035304557586386,0.8377092779163017
2026-02-07T09:54:37.568220,13.359703488077603,0.0003584421130515347,0.1267549417718642,0.8638698704796717
2026-02-07T09:54:37.568226,13.82917301793713,0.004241983376752781,0.21749169400047563,0.8523819498191645
2026-02-07T09:54:37.568230,2.0554498324414645,0.013411736384910732,0.4600791270499053,0.60488481754857
2026-02-07T09:54:37.568234,0.9556363108135413,0.0323595169528946,0.648113124393827,0.5432634585489252
2026-02-07T09:54:37.568238,-3.1446110683414075,0.11332291929798252,0.1410060928334934,0.5520583878382165
2026-02-07T09:54:37.568242,11.773028884230769,0.006224593808401366,0.6820155003961036,0.7246133365154384
2026-02-07T09:54:37.568246,2.28423142431412,0.01785137379432676,0.16395647691926235,0.6665904828830849
2026-02-07T09:54:37.568251,6.72924154563602,0.02277019087281048,0.32662995257834937,0.7066636446497541
2026-02-07T09:54:37.568255,13.229777727897421,0.006681205667245838,0.3955563442388158,0.8060473315836867
2026-02-07T09:54:37.568259,5.276471365517626,0.021836833203594294,0.8274835629514212,0.5825600935405979
2026-02-07T09:54:37.568263,14.084954057293416,0.00784793341738285,0.37027175756805375,0.8250071694160646
2026-02-07T09:54:37.568267,12.371854037412472,0.0019557492314021506,0.5123784462855238,0.769801819930349
2026-02-07T09:54:37.568271,0.13562372670738831,0.022476025261050712,0.37316685167164343,0.5875508841991459
2026-02-07T09:54:37.568275,-4.131158821429601,0.19689797840377965,0.6976089161825915,0.3992228428851878
2026-02-07T09:54:37.568279,8.115545456596651,0.0320873314930213,0.12976792129080472,0.7663459739038769
2026-02-07T09:54:37.568283,1.32815164225216,0.015891009964694197,0.898179530997678,0.5043993181819255
2026-02-07T09:54:37.568287,10.804140656827467,0.009971289416213839,0.17782806393667877,0.8081786780015913
2026-02-07T09:54:37.568291,14.876396896953775,0.00783770272930982,0.7818806677821862,0.7558791705739993
2026-02-07T09:54:37.568296,1.3421306747640305,0.026157891987586585,0.2449900448287209,0.6321901346840471
2026-02-07T09:54:37.568300,-0.4023234822414956,0.16153245454965898,0.1134179246792738,0.5888179539952225
2026-02-07T09:54:37.568304,11.385865267102758,0.0018841255741768093,0.896659676215589,0.6765339148696752
2026-02-07T09:54:37.568308,3.764039236015762,0.03408649674282751,0.3075295118581508,0.6576688025391176
2026-02-07T09:54:37.568312,4.4573412651267965,0.03356489032519308,0.7535844175421854,0.5801693371461183
2026-02-07T09:54:37.568316,4.605659694069148,0.012022990333404673,0.8960992514716457,0.5606009141734686
2026-02-07T09:54:37.568321,10.305995510123475,0.004635402953021839,0.3629354792829922,0.7644555417595529
2026-02-07T09:54:37.568325,14.965621912945142,0.008847688143238094,0.866078107046142,0.7402237706968858
2026-02-07T09:54:37.568329,2.4920610684122764,0.026581890429804682,0.807604789833305,0.5387054927112689
2026-02-07T09:54:37.568333,7.394662162797324,0.04083443682503711,0.6550085404670969,0.6466589969056915
2026-02-07T09:54:37.568337,4.507301180193243,0.026925091846079982,0.48724812544719975,0.6362612003599568
2026-02-07T09:54:37.568341,-1.4146622686200283,0.10054768946404366,0.23585363928028028,0.565753927494397
2026-02-07T09:54:37.568345,-2.4271716095145934,0.1992789779323188,0.46770750820547546,0.4728886114872994
2026-02-07T09:54:37.568349,-2.4712809945366443,0.11042311209325877,0.1908273729313483,0.5541862418768086
2026-02-07T09:54:37.568353,3.8956199020092406,0.04128763502193243,0.261891652677688,0.66682904399137
2026-02-07T09:54:37.568357,-0.741303850455191,0.10552068302724577,0.7102085796892362,0.4806136816463925
2026-02-07T09:54:37.568361,6.707833592110452,0.0466921663096006,0.838183420379774,0.5968195592330059
2026-02-07T09:54:37.568366,-0.20841311998658796,0.18990003901895702,0.7151799793450463,0.46318710709219385
2026-02-07T09:54:37.568370,6.466933432382289,0.013784438628087496,0.161502207292257,0.7380131174928272
2026-02-07T09:54:37.568374,9.547196117708562,0.027507159761668572,0.8825389618485916,0.6410266616635905
2026-02-07T09:54:37.568378,0.4142090424250888,0.0357808139545567,0.41282921937813,0.5802700626450918
2026-02-07T09:54:37.568382,-4.038034314111849,0.07157844981569714,0.7316070203376609,0.43157115575256116
2026-02-07T09:54:37.568386,4.944538144692967,0.029677174437223244,0.6758017639247431,0.6050121306287672
2026-02-07T09:54:37.568390,-1.6291508065034122,0.11502121700822697,0.7192045498079124,0.4611668781608926
2026-02-07T09:54:37.568394,14.487479890317644,0.0057536914935794195,0.84457113610918,0.7374843301687176
2026-02-07T09:54:37.568398,-1.5207260188051608,0.10136664361976142,0.6343231111831927,0.484046617697347
2026-02-07T09:54:37.568403,6.757242342082378,0.02035881335823895,0.6652340396241694,0.6401329204357341
timestamp,snr_db,packet_loss,load_factor,link_quality
2026-02-07T16:44:46.459182,-2.7125911824813764,0.09326430385604537,0.21099253375953442,0.5512790157165899
2026-02-07T16:44:46.459219,-2.8351868531057733,0.05397049149290987,0.7927232809901759,0.4446777488023289
2026-02-07T16:44:46.459225,7.537153446832594,0.043108199154346896,0.5357573199094348,0.6722019670523522
2026-02-07T16:44:46.459237,3.2924065782066787,0.027766142206716166,0.6574124177492233,0.5817277834249185
2026-02-07T16:44:46.459245,-2.4954256631172456,0.1716610571436054,0.2605000517600427,0.5214779114529557
2026-02-07T16:44:46.459250,7.320439984294298,0.02788863089711653,0.37902699532921813,0.7045020114032596
2026-02-07T16:44:46.459254,-2.5030478812504664,0.061868692457216316,0.30872844833334934,0.544642904575324
2026-02-07T16:44:46.459258,2.2221677162270437,0.010689582489177006,0.5354819766780149,0.5933995251880947
2026-02-07T16:44:46.459263,6.042287246937759,0.029475676632895714,0.10208798202978882,0.7381111547198028
2026-02-07T16:44:46.459267,9.945677102850857,0.03741165394709064,0.397984794184679,0.741607496693118
2026-02-07T16:44:46.459271,-0.6592203241827566,0.11567793900750296,0.1542995594303812,0.5901163676752936
2026-02-07T16:44:46.459276,4.3972164205335655,0.018732818047620725,0.8513331405984552,0.5640671334749155
2026-02-07T16:44:46.459280,14.337436376188844,0.00031583244488732397,0.7996073819989958,0.745607713469882
2026-02-07T16:44:46.459285,13.733769308011915,0.00011456929627975288,0.1746999604547165,0.8605884589203714
2026-02-07T16:44:46.459290,14.83550589013608,0.003398029985008437,0.7753287504346913,0.7578399390864938
2026-02-07T16:44:46.459294,13.908305240239685,0.00010287369401027814,0.5168631912988048,0.7950682536360307
2026-02-07T16:44:46.459299,-1.3717305920962741,0.15036095046194825,0.7002494800959936,0.45864630897394554
2026-02-07T16:44:46.459317,5.327732607583231,0.04407314780445369,0.26978807284529105,0.688282651215993
2026-02-07T16:44:46.459325,12.796850096244285,0.008551993044777604,0.5924065547123512,0.7589005927481679
2026-02-07T16:44:46.459332,13.140096410157518,0.007853937300177033,0.7654587338574252,0.7302203455410872
2026-02-07T16:44:46.459339,-4.94264133742909,0.1714857531053846,0.3173868089327161,0.46936622332468986
2026-02-07T16:44:46.459346,12.826960998923902,0.0017438942350515485,0.7647745172804297,0.7269712782554637
2026-02-07T16:44:46.459353,8.964456230145124,0.034906159865771495,0.3151717987829791,0.7425680627860914
2026-02-07T16:44:46.459360,2.3527612344767768,0.0319492411357194,0.8204729175556585,0.5321999980560987
2026-02-07T16:44:46.459367,10.158377697143607,0.00865631951193565,0.3331937668900855,0.7667373123874623
2026-02-07T16:44:46.459374,5.562168123892928,0.04060260983403202,0.6531797925998347,0.6165527272613723
2026-02-07T16:44:46.459380,9.351770832461302,0.033743009505935166,0.8619290995257854,0.6400207911174175
2026-02-07T16:44:46.459387,-1.888366613172221,0.14389778196131386,0.5680794442046856,0.47840866635113166
2026-02-07T16:44:46.459394,11.419337394733468,0.005758586072478751,0.8125165728969259,0.6927580661777623
2026-02-07T16:44:46.459401,1.4696710045057548,0.04493771982884291,0.4396846412965678,0.5897429392004628
2026-02-07T16:44:46.459408,3.016238519445057,0.019049848211596925,0.27657176806463984,0.6559080005810105
2026-02-07T16:44:46.459415,10.692328977743683,0.00466439699759481,0.4122788727926804,0.7610170559712469
2026-02-07T16:44:46.459421,12.177025986396256,0.008878502466331884,0.5940157444660326,0.7481504001401649
2026-02-07T16:44:46.459429,-2.981306367415546,0.1306386943833482,0.293235674584316,0.5191394839778732
2026-02-07T16:44:46.459435,5.797928497558086,0.013712862127114214,0.5430502018024392,0.6505749092940126
2026-02-07T16:44:46.459442,3.9800711933074346,0.047005864294908335,0.8641583916827499,0.5460677489301015
2026-02-07T16:44:46.459449,8.892680838851563,0.015671252578584764,0.6551364578916067,0.6791493466289626
2026-02-07T16:44:46.459456,5.3726305633342335,0.03830647953093048,0.3446886463890817,0.6757808362518084
2026-02-07T16:44:46.459462,-4.0756815173855205,0.07099560660945807,0.5076601879943615,0.4759079217951983
2026-02-07T16:44:46.459469,-4.031597719114012,0.17229333975341704,0.886331643416309,0.37051904073881287
2026-02-07T16:44:46.459476,0.2801725232583667,0.028683594961840274,0.7470662653388308,0.5133178771646545
2026-02-07T16:44:46.459483,5.615742104138029,0.029154816733264463,0.10664536105945227,0.7301868511704307
2026-02-07T16:44:46.459490,2.6881186119574423,0.0136800472970041,0.40499521378411696,0.6263655865866994
2026-02-07T16:44:46.459499,-0.4112586246806993,0.16245400523260783,0.29910331079057983,0.5512554925274235
2026-02-07T16:44:46.459506,9.762061636320274,0.045002167345795305,0.2804517375923059,0.7597766962164716
2026-02-07T16:44:46.459513,1.116925185498891,0.018688446502165404,0.4230326325127466,0.5950690259717826
2026-02-07T16:44:46.459519,3.1252851373011445,0.026334507719583754,0.5586351172490314,0.599127376522671
2026-02-07T16:44:46.459526,-1.8728627699585254,0.11042813111239717,0.5074617398069111,0.5008314998722565
2026-02-07T16:44:46.459533,12.560718832216239,0.004636998779181993,0.14537273815254148,0.8455463332726744
2026-02-07T16:44:46.459540,7.2466991425428375,0.0175405280236154,0.36829307847271087,0.7085242116074205
2026-02-07T16:44:46.459546,10.413950739250776,0.008738290775399423,0.3383798651169191,0.7699350520648426
2026-02-07T16:44:46.459553,8.537641111728622,0.047813975957242,0.8690126059164731,0.6208139712250098
2026-02-07T16:44:46.459560,13.87840482296776,0.0023605552633432845,0.6522488320890988,0.7668154807193066
2026-02-07T16:44:46.459567,11.251499217589636,0.001114489535936213,0.5664905011769997,0.740559206530313
2026-02-07T16:44:46.459574,-2.774836761464743,0.18086032113672507,0.8428167094836244,0.39759794907117857
2026-02-07T16:44:46.459581,5.843685551684137,0.02199110822301699,0.8003225127799035,0.5973995908385165
2026-02-07T16:44:46.459586,5.146926010593694,0.03622556834780575,0.7995765105847944,0.5816657942219277
2026-02-07T16:44:46.459590,-1.3582524452296862,0.18994132442737188,0.4139957472768119,0.5042475791292647
2026-02-07T16:44:46.459595,-0.83327181385717,0.08877915043416051,0.4830088142714749,0.5295432951178374
2026-02-07T16:44:46.459600,-3.3152290598305245,0.19649874333840878,0.7942898526434239,0.3936052554726172
2026-02-07T16:44:46.459604,-1.3132390344281197,0.0710804985464017,0.6715433527305597,0.4891465293161655
2026-02-07T16:44:46.459609,-3.0583970905241786,0.17707976580439633,0.45511171909093906,0.47154710826509033
2026-02-07T16:44:46.459614,3.293033696624615,0.028292467751882565,0.1483914848510109,0.6833845243146434
2026-02-07T16:44:46.459619,12.798987072965431,0.0031500329127233952,0.4940913749122603,0.7802198330264881
2026-02-07T16:44:46.459628,4.991581141310725,0.03168566048740003,0.4835191538681317,0.6436501567686657
2026-02-07T16:44:46.459633,0.4975600954193693,0.033475900949221975,0.7723726299553509,0.5104420386478195
2026-02-07T16:44:46.459638,4.032791062149846,0.022001959352559473,0.6076486921193338,0.6057495248061961
2026-02-07T16:44:46.459642,9.700891148347466,0.039401128653992326,0.6957227003466973,0.677383307140254
2026-02-07T16:44:46.459647,-3.3526208310574868,0.06793732511479236,0.5840516919365641,0.47359811689395803
2026-02-07T16:44:46.459656,-3.6109645773466537,0.06466940474106733,0.49879060358097227,0.48732498157237447
2026-02-07T16:44:46.459662,13.366701036284962,0.007575708651835985,0.37785434848872146,0.8116014349781209
2026-02-07T16:44:46.459666,9.744352389642126,0.0479167022660149,0.819223118919621,0.65085290536364
2026-02-07T16:44:46.459670,-0.0028350330600073192,0.18585068094744733,0.36326707702672756,0.5382107964260868
2026-02-07T16:44:46.459674,7.927715005802103,0.023031631674665286,0.5779047857044982,0.6763048034534026
2026-02-07T16:44:46.459678,10.076981335243536,0.008584036305870396,0.8295236554925925,0.6661364135971126
2026-02-07T16:44:46.459682,5.53793657221566,0.01611235326791032,0.8153944878383693,0.5910530059888808
2026-02-07T16:44:46.459687,1.9031973079467939,0.01758063342712512,0.6703925186314774,0.5590339280446801
2026-02-07T16:44:46.459691,4.488770457206559,0.03322208923641417,0.8495378791814586,0.5616053050128934
2026-02-07T16:44:46.459777,-2.6218084380305062,0.14084249698917908,0.7694021171289173,0.4268366868436211
2026-02-07T16:44:46.459782,-1.0050204510437655,0.13238845936087945,0.3349941220586502,0.5432009635959434
2026-02-07T16:44:46.459786,8.284220704964106,0.04557753951946116,0.1857836705257129,0.7539070157884208
2026-02-07T16:44:46.459790,14.876256131947589,0.0002747172112843821,0.4628248359936836,0.8219568865036712
2026-02-07T16:44:46.459794,6.869785125805565,0.03923458255351757,0.2149167598607643,0.7264093586918847
2026-02-07T16:44:46.459798,7.878584409266622,0.016815450302779502,0.41788145997174697,0.709355479735927
2026-02-07T16:44:46.459802,12.264087939356095,0.001314290696267918,0.6679251199874146,0.7370888211162384
2026-02-07T16:44:46.459807,0.8948586840900337,0.03018056470227065,0.382226675241227,0.5960814736092407
2026-02-07T16:44:46.459811,3.8875110836044495,0.018603841272644753,0.3916831138682497,0.6475407429046307
2026-02-07T16:44:46.459815,12.059196690375437,0.00895153146839393,0.6278000937709559,0.7394077999782146
2026-02-07T16:44:46.459819,13.031399383624578,0.004991050078564937,0.5935855411419583,0.7636422331417818
2026-02-07T16:44:46.459823,7.764849730506739,0.0498060808514565,0.7736667929759624,0.6264056459911496
2026-02-07T16:44:46.459827,4.92094243484048,0.01645711995838684,0.12092757278420674,0.7195597233696507
2026-02-07T16:44:46.459831,9.49295476528976,0.01413837719691017,0.7066996637399088,0.6793011335144411
2026-02-07T16:44:46.459835,-0.5995094115124155,0.09993448797826623,0.22636657684263872,0.5814211813794521
2026-02-07T16:44:46.459839,12.580573881053986,0.0019661541511356686,0.2613557918411951,0.8234818934039867
2026-02-07T16:44:46.459844,-2.259518230394877,0.17102861087192367,0.7341898298224839,0.43086148026734483
2026-02-07T16:44:46.459848,-4.974693198953406,0.1788905350119131,0.4110491692026015,0.4478781190066823
2026-02-07T16:44:46.459852,13.018766423709849,0.0004973380066921962,0.19003557586923156,0.8454897904859769
2026-02-07T16:44:46.459856,12.910947936790048,0.002282832804124183,0.18016249778514049,0.8451317828815688
2026-02-07T16:44:46.459860,-3.728892270301114,0.16310972071622373,0.19869843544383264,0.5158458588580145
2026-02-07T16:44:46.459864,8.860768648204003,0.0268570843951782,0.8812917120138491,0.63003067641541
2026-02-07T16:44:46.459869,7.887210655646546,0.043434955219031506,0.11671082641639954,0.7617475257451198
2026-02-07T16:44:46.459873,6.324365619837879,0.021372927253020986,0.40129732084752523,0.6854014179852199
2026-02-07T16:44:46.459877,0.014246580906391415,0.011945752345845228,0.6937040837249964,0.5245795672330202
2026-02-07T16:44:46.459881,0.7529212353654753,0.0495327386859836,0.26515760384063736,0.6113240115488353
2026-02-07T16:44:46.459885,6.287919261660026,0.012507548500348534,0.7680217623189515,0.6141087040137723
2026-02-07T16:44:46.459890,1.6556304209450978,0.010976268375848012,0.4704530625601494,0.5968770139909674
2026-02-07T16:44:46.459894,-1.8237264875841452,0.16128973616059245,0.12164268980723447,0.5635557663973062
2026-02-07T16:44:46.459898,-3.2905077823084827,0.12732928916483033,0.6654806568848428,0.44052995216844093
2026-02-07T16:44:46.459902,10.285981140365916,0.0072991463731841115,0.5933194126787523,0.7172460592250596
2026-02-07T16:44:46.459906,9.21885677391037,0.012810931069134815,0.11483128984648615,0.7935047422751351
2026-02-07T16:44:46.459910,4.121616707797655,0.012334606478476862,0.540868682045719,0.6234861601106074
2026-02-07T16:44:46.459914,6.438898749358689,0.03981682302393257,0.7469683045331347,0.6126429380088382
2026-02-07T16:44:46.459918,8.032273908829005,0.018638118979833296,0.3365726742645926,0.7276319279336149
2026-02-07T16:44:46.459922,12.849999834983151,0.006929851639672532,0.3405439084020708,0.8106455934107366
2026-02-07T16:44:46.459926,-2.680179566336889,0.19365811111540843,0.5940521600467494,0.4450891418837461
2026-02-07T16:44:46.459930,1.9672958323912475,0.011964280447627266,0.5228337592532887,0.5912988945549081
2026-02-07T16:44:46.459934,9.634681800579061,0.049673214693981206,0.3989086502574234,0.7325610022166387
2026-02-07T16:44:46.459938,8.800517203888205,0.0214595564453241,0.3117600349376983,0.7445520794769998
2026-02-07T16:44:46.459943,1.3744011238375293,0.04197790873539433,0.41175771408970796,0.5946284366253989
2026-02-07T16:44:46.459947,4.479266597899832,0.04145322121600473,0.7817812517230058,0.5725288932555946
2026-02-07T16:44:46.459951,0.5600964591256545,0.019929688994219506,0.7055652225715477,0.5289096564395188
2026-02-07T16:44:46.459955,12.44583279065132,0.001042587600472029,0.6617806426124788,0.7414283083748847
2026-02-07T16:44:46.459959,-0.6125143575191068,0.058966233276285626,0.6656365145233114,0.5056409211538002
2026-02-07T16:44:46.459963,4.327129782914712,0.029260520768498388,0.6526171957389153,0.5994839010035793
2026-02-07T16:44:46.459967,14.189994190774993,0.008343555384981011,0.7398549227310095,0.7526925186845537
2026-02-07T16:44:46.459971,1.0929698284904754,0.01904116101142895,0.34310729531433526,0.6105490231085455
2026-02-07T16:44:46.459975,4.754359732030494,0.025668663551109958,0.6082266949735515,0.6165600574737982
2026-02-07T16:44:46.459979,8.797598618630257,0.016727857536089484,0.4410318417906073,0.720068584691556
2026-02-07T16:44:46.459983,-1.9695497498836523,0.07864707909596114,0.8945504213686235,0.4313366294994261
2026-02-07T16:44:46.459987,9.248686478011091,0.03382247579050966,0.4002975252952935,0.7306051935039732
2026-02-07T16:44:46.459991,-3.603820656173329,0.15189266964021692,0.5067192658673795,0.4596913349982369
2026-02-07T16:44:46.459995,-2.3970867534274243,0.05889876303426582,0.15729523241640503,0.5775865453826489
2026-02-07T16:44:46.459999,-4.911990368695065,0.14259629244136993,0.580941693873438,0.42583293401465033
2026-02-07T16:44:46.460004,5.167324446263379,0.03936818884041395,0.66454473231991,0.6080693376549501
2026-02-07T16:44:46.460007,0.8975562878626047,0.025729709536713698,0.6555295843842341,0.5428011083931824
2026-02-07T16:44:46.460012,0.10501346035530545,0.016330654941147948,0.1494874205504183,0.6336202104134937
2026-02-07T16:44:46.460016,2.1754136203134156,0.04918899287151957,0.35573871986331784,0.6170191185044375
2026-02-07T16:44:46.460020,8.554797324934897,0.036035345437045736,0.7207363475296453,0.6542887489452054
2026-02-07T16:44:46.460024,-3.018540237746179,0.07864012326311887,0.7739942922598676,0.4379667672733212
2026-02-07T16:44:46.460028,13.882678386949095,0.008932634906948313,0.27513282952658874,0.8403382834050828
2026-02-07T16:44:46.460032,-0.4404344335281829,0.16769236532273182,0.6219320167505997,0.4846319798275908
2026-02-07T16:44:46.460036,3.426649001393052,0.01917947142018667,0.813030121526277,0.5554176176252394
2026-02-07T16:44:46.460040,1.724710452365823,0.01300162758684098,0.20882167893396347,0.6497470168099188
2026-02-07T16:44:46.460044,-4.968830774319091,0.09220391098410305,0.269188592423648,0.5023539286480546
2026-02-07T16:44:46.460048,9.345425288471112,0.010911622785466113,0.8487064628614932,0.6494089753999134
2026-02-07T16:44:46.460052,5.36715571643742,0.04285914679217845,0.26530145996254473,0.6902012259104613
2026-02-07T16:44:46.460056,7.217867729050907,0.0465109370471899,0.6909814816600284,0.6348148847046859
2026-02-07T16:44:46.460060,9.13532450341647,0.04406302817735511,0.3450360812486058,0.7366959503540136
2026-02-07T16:44:46.460064,0.9338760126267065,0.022567279779076806,0.48829910358493234,0.5778012622264023
2026-02-07T16:44:46.460068,7.088512371731639,0.014343899441524668,0.8905937334088639,0.6023866230146304
2026-02-07T16:44:46.460073,-0.2678796245685948,0.13655455201957567,0.10778868155342405,0.5996779043406326
2026-02-07T16:44:46.460077,-0.2917201992529872,0.07027688807471227,0.48408732547040667,0.5439041318292885
2026-02-07T16:44:46.460081,1.2928388098145511,0.041931850867516114,0.6129007893233949,0.553054267038642
2026-02-07T16:44:46.460085,14.00120743087739,0.0006186397287045576,0.6662626300450797,0.7665820059203291
2026-02-07T16:44:46.460089,5.852108099649826,0.02634099869099437,0.5204963166273939,0.6522002387280533
2026-02-07T16:44:46.460102,10.887220715025641,0.005117677998302261,0.23657336962754627,0.7992703679254274
2026-02-07T16:44:46.460107,-3.570688254696406,0.07905597974730669,0.581755749679141,0.46708725189503963
2026-02-07T16:44:46.460111,7.750812151746585,0.02770768684251669,0.8574949584670656,0.6160355714496083
2026-02-07T16:44:46.460115,11.34362386811491,0.007903516665161302,0.31969024521804623,0.7894179604254241
2026-02-07T16:44:46.460119,4.7071136918349765,0.024660623102348147,0.27497707600317245,0.682724959399244
2026-02-07T16:44:46.460123,9.885199634903156,0.02129832676026583,0.45241379925403324,0.7345477360361662
2026-02-07T16:44:46.460127,7.325029700911383,0.04206704935303746,0.6718435776792543,0.6417616646734277
2026-02-07T16:44:46.460131,14.39060328464371,0.0024865309129353352,0.7214610879251884,0.7614718778851435
2026-02-07T16:44:46.460135,-3.3022426933251703,0.19493208494657593,0.874738002755226,0.37820206240956256
2026-02-07T16:44:46.460140,4.625867821003274,0.04880231167497558,0.7534885826482601,0.5784260536512431
2026-02-07T16:44:46.460144,14.258879701091082,0.005489454295736829,0.8704195907911803,0.7285839072378942
2026-02-07T16:44:46.460148,8.088223508907241,0.03139232859245049,0.44226397935406625,0.7035998973665722
2026-02-07T16:44:46.460152,4.1627796713048895,0.01675487687267492,0.31132106079338034,0.668755652634603
2026-02-07T16:44:46.460156,7.704441268783526,0.0436017825525639,0.6538306819506092,0.651227349990501
2026-02-07T16:44:46.460160,7.566620116315603,0.04223573420556224,0.4105834582460596,0.6979895900277128
2026-02-07T16:44:46.460164,-1.1382828115194021,0.06051509100958335,0.8343493177104625,0.46267089562970914
2026-02-07T16:44:46.460168,13.713464443352347,0.00021799914672809172,0.1354684928339112,0.8680653090784052
2026-02-07T16:44:46.460173,1.389528030443003,0.04263600960258173,0.16015498504906953,0.6450036672834617
2026-02-07T16:44:46.460177,9.762022051781438,0.03950793711503295,0.3888688745507457,0.7397408781516983
2026-02-07T16:44:46.460181,-2.4570010229969785,0.07061727709645102,0.7412133391489513,0.45628879865799143
2026-02-07T16:44:46.460185,3.087040820754618,0.01662417452490683,0.8108528249611718,0.5509595296628705
2026-02-07T16:44:46.460189,11.559350123805427,0.0063740679012430366,0.46955016836201946,0.763500248020647
2026-02-07T16:44:46.460193,0.6141452412014807,0.036731859382095014,0.3527856171133713,0.5953257394493886
2026-02-07T16:44:46.460197,4.344582804968102,0.016632413642898847,0.47496082901744674,0.6390944901864426
2026-02-07T16:44:46.460201,-1.808570129413114,0.17120734973867907,0.6570016114473337,0.45376130396537767
2026-02-07T16:44:46.460205,1.8021449164164576,0.013901255868401408,0.381546989149238,0.6162226406832396
2026-02-07T16:44:46.460210,-0.9883397942716154,0.1878184764297044,0.664152659477871,0.4610182619376543
2026-02-07T16:44:46.460214,-4.1990494749366425,0.0757408770541203,0.2211806000510282,0.5297241256246142
2026-02-07T16:44:46.460218,5.634693187040586,0.02848384886381765,0.2661159925378933,0.6988098666172857
2026-02-07T16:44:46.460222,14.950021845998112,0.004560977026307184,0.12092985870797542,0.8902794325838146
2026-02-07T16:44:46.460226,6.600588352510515,0.029111326975160598,0.7850887174335757,0.6109253309625786
2026-02-07T16:44:46.460234,3.1121312351070056,0.03941137407591543,0.5772769017677228,0.5912567280087976
2026-02-07T16:44:46.460240,1.3799323649289246,0.025965603995210695,0.1017125046268018,0.6615333572915585
2026-02-07T16:44:46.460245,-3.3859118974906677,0.17914412419136383,0.7072595865339744,0.4150396471442849
2026-02-07T16:44:46.460249,14.654469904033192,0.008719979329021434,0.10506198782787246,0.8872794403696056
2026-02-07T16:44:46.460253,7.8109830593103435,0.012250792523181989,0.8445035041142824,0.6242737790753613
2026-02-07T16:44:46.460257,4.157571753033231,0.04350065234999091,0.1257039906375903,0.6977685353847052
2026-02-07T16:44:46.460261,11.628667783488254,0.005402404041318955,0.12551663695874887,0.8337537477873255
2026-02-07T16:44:46.460265,-0.6225022977663919,0.17719740656940275,0.7041493646276765,0.462302533474204
2026-02-07T16:44:46.460269,-4.099711387858356,0.16361507455622368,0.1807703551348915,0.5130995501418487
2026-02-07T16:44:46.460273,10.7208374976545,2.9665205481005374e-05,0.657839828659078,0.7137704263341151
2026-02-07T16:44:46.460279,5.353833291628426,0.024635518866158578,0.8831665472563561,0.5718732564160216
2026-02-07T16:44:46.460283,-1.0077199389201086,0.0586315513287409,0.6771802762074841,0.49684581371121245
2026-02-07T16:44:46.460287,5.982122721337449,0.010611082729097313,0.4861880051774121,0.6659477861680791
2026-02-07T16:44:46.460291,1.972299352614895,0.012828823972243938,0.3750807014876575,0.620673535054377
